New Delhi India (DEL),IN
Mumbai India (BOM),IN
Bangalore India (BLR),IN
Goa India (GOI),IN
Chennai India (MAA),IN
Kolkata India (CCU),IN
Hyderabad India (HYD),IN
Pune India (PNQ),IN
Ahmedabad India (AMD),IN
Cochin India (COK),IN
Jaipur India (JAI),IN
Dubai UAE (DXB),AE
Singapore Singapore (SIN),SG
Bangkok Thailand (BKK),TH
New York US - All Airports (NYC),US
Kuala Lumpur Malaysia (KUL),MY
London UK - All Airports (LON),GB
Hong Kong China (HKG),HK
Doha Qatar (DOH),QA
Colombo Sri Lanka (CMB),LK
Agartala India (IXA),IN
Agatti Island India (AGX),IN
Ahmedabad India (AMD),IN
Aizawl India (AJL),IN
Allahabad India (IXD),IN
Amritsar India (ATQ),IN
Aurangabad India (IXU),IN
Bagdogra India (IXB),IN
Bangalore India (BLR),IN
Belgaum India (IXG),IN
Bellary India (BEP),IN
Bhavnagar India (BHU),IN
Bhopal India (BHO),IN
Bhubaneshwar India (BBI),IN
Bhuj India (BHJ),IN
Calicut India (CCJ),IN
Chandigarh India (IXC),IN
Chennai India (MAA),IN
Cochin India (COK),IN
Coimbatore India (CJB),IN
Dehradun India (DED),IN
Dharamshala India (DHM),IN
Dibrugarh India (DIB),IN
Dimapur India (DMU),IN
Diu India (DIU),IN
Gaya India (GAY),IN
Goa India (GOI),IN
Guwahati India (GAU),IN
Gwalior India (GWL),IN
Hubli India (HBX),IN
Hyderabad India (HYD),IN
Imphal India (IMF),IN
Indore India (IDR),IN
Jabalpur India (JLR),IN
Jaipur India (JAI),IN
Jammu India (IXJ),IN
Jamnagar India (JGA),IN
Jamshedpur India (IXW),IN
Jodhpur India (JDH),IN
Jorhat India (JRH),IN
Kandla India (IXY),IN
Kanpur India (KNU),IN
Khajuraho India (HJR),IN
Kolhapur India (nearest airport Pune PNQ),IN
Kolkata India (CCU),IN
Kullu India (KUU),IN
Leh India (IXL),IN
Lilabari India (IXI),IN
Lucknow India (LKO),IN
Ludhiana India (LUH),IN
Madurai India (IXM),IN
Mangalore India (IXE),IN
Mumbai India (BOM),IN
Mysore India (MYQ),IN
Nagpur India (NAG),IN
Nasik India (ISK),IN
New Delhi India (DEL),IN
Nanded India (NDC),IN
Pantnagar India (PGH),IN
Pathankot India (IXP),IN
Patna India (PAT),IN
Pondicherry India(PNY),IN
Porbandar India (PBD),IN
Port Blair India (IXZ),IN
Pune India (PNQ),IN
Raipur India (RPR),IN
Rajahmundry India (RJA),IN
Rajkot India (RAJ),IN
Ranchi India (IXR),IN
Salem India (SXV),IN
Shillong India (SHL),IN
Shimla India (SLV),IN
Sholapur India (nearest airport Pune PNQ),IN
Silchar India (IXS),IN
Srinagar India (SXR),IN
Tezpur India (TEZ),IN
Tiruchirapalli India (TRZ),IN
Trivandrum India (TRV),IN
Tuticorin India (TCR),IN
Udaipur India (UDR),IN
Vadodara India (BDQ),IN
Varanasi India (VNS),IN
Vijaywada India (VGA),IN
Vishakapatnam India (VTZ),IN
Abu Dhabi UAE (AUH),AE
Adelaide Australia (ADL),AU
Almaty Kazakhstan (ALA),KZ
Amman - Marka Intl Apt Jordan (ADJ),JO
Amsterdam Netherlands (AMS),NL
Athens Greece (ATH),US
Atlanta US (ATL),US
Auckland New Zealand (AKL),US
Austin US (AUS),US
Bahrain Bahrain (BAH),BH
Balikpapan Indonesia (BPN),ID
Bangkok Thailand (BKK),TH
Barcelona Spain (BCN),ES
Barcelona Venezuela (BLA),VE
Beijing China - All Airports (BJS),CN
Beijing China - Capital Airport (PEK),CN
Beijing China - Nanyuan Airport (NAY),CN
Berlin Germany - All Airports (BER),DE
Berlin Germany - Schonefeld Airport (SXF),DE
Berlin Germany (THF),DE
Berlin Germany (TXL),DE
Birmingham UK (BHX),UK
Birmingham US (BHM),US
Boston US (BOS),US
Brisbane Australia (BNE),AU
Brussels Belgium (BRU),BE
Brussels Belgium (CRL),BE
Bucharest Romania - All Airports (BUH),RO
Bucharest Romania (BBU),RO
Bucharest Romania (OTP),RO
Budapest Hungary (BUD),HU
Buenos Aires Argentina - All Airports (BUE),AR
Buenos Aires Argentina (AEP),AR
Buenos Aires Argentina (EZE),AR
Buffalo US (BUF),US
Busan South Korea (PUS),KR
Cairo Egypt (CAI),EG
Calgary Canada (YYC),CA
Charlotte US (CLT),US
Chicago US - All Airports (CHI),US
Chicago US - Midway Airport (MDW),US
Chicago US - O'Hare Intl (ORD),US
Christchurch New Zealand (CHC),NZ
Cincinnati US (CVG),US
Cleveland US (CLE),US
Colombo Sri Lanka (CMB),LK
Copenhagen Denmark (CPH),DK
Dallas - Fort Worth US (DFW),US
Dammam Saudi Arabia (DMM),SA
Dar Es Salaam Tanzania (DAR),TZ
Denver US (DEN),US
Detroit US - All Airports (DTT),US
Detroit US (DTW),US
Dhaka Bangladesh (DAC),BD
Doha Qatar (DOH),QA
Dubai UAE (DXB),AE
Dublin Ireland (DUB),IE
Durham US (RDU),US
Edinburgh UK (EDI),UK
Edmonton Canada - All Airports (YEA),CA
Edmonton Canada (YEG),CA
Frankfurt Germany (FRA),DE
Frankfurt Germany (HHN),DE
Geneva Switzerland (GVA),CH
Glasgow UK (GLA),UK
Glasgow UK (PIK),UK
Glasgow US (GGW),US
Hamburg Germany (HAM),DE
Hangzhou China (HGH),CN
Hanoi Vietnam (HAN),VN
Helsinki Finland (HEL),FI
Ho Chi Minh City Vietnam (SGN),VN
Hong Kong China (HKG),HK
Honolulu - Hawaii US (HNL),US
Houston US - All Airports (HOU),US
Houston US (IAH),US
Indianapolis US (IND),US
Istanbul Turkey - Sabiha Gokcen (SAW),TR
Istanbul Turkey (IST),TR
Jakarta Indonesia - All Airports (JKT),ID
Jakarta Indonesia (CGK),ID
Jeddah Saudi Arabia (JED),SA
Johannesburg South Africa (JNB),ZA
Kiev Ukraine - Borispol Apt (KBP),UA
Koh Samui Thailand (USM),TH
Krabi Thailand (KBV),TH
Kuala Lumpur Malaysia (KUL),MY
Kuala Lumpur Malaysia (SZB),MY
Kunming China (KMG),CN
Kuwait Kuwait (KWI),KW
Langkawi Malaysia (LGK),MY
Las Vegas US (LAS),US
London Canada (YXU),CA
London UK - All Airports (LON),UK
London UK - City Airport (LCY),UK
London UK - Gatwick Airport (LGW),UK
London UK - Heathrow Airport (LHR),UK
London UK - Luton Airport (LTN),UK
London UK - Stansted Airport (STN),UK
Los Angeles US (LAX),US
Lusaka Zambia (LUN),ZM
Macau Macao (MFM),MO
Macau Macao (XZM),MO
Madrid Spain (MAD),ES
Mahe Island Seychelles (SEZ),SC
Male Maldives (MLE),MV
Manchester UK (MAN),UK
Manchester US (MHT),US
Manila Philippines (MNL),PH
Mauritius Mauritius (MRU),MU
Melbourne Australia (MEL),AU
Melbourne US (MLB),US
Mexico City Mexico (MEX),MX
Miami US (MIA),US
Milan Italy - All Airports (MIL),IT
Milan Italy - Malpensa Airport (MXP),IT
Milan Italy - Parma Airport (PMF),IT
Milan Italy (BGY),IT
Milan Italy (LIN),IT
Minneapolis US (MSP),US
Montreal Canada - All Airports (YMQ),CA
Montreal Canada (YUL),CA
Moscow Russia - All Airports (MOW),RU
Moscow Russia - Sheremetyevo Airport (SVO),RU
Moscow Russia (BKA),RU
Moscow Russia (DME),RU
Moscow Russia (VKO),RU
Muscat Oman (MCT),OM
Nadi Fiji (NAN),FJ
Nairobi Kenya (NBO),KE
Nairobi Kenya (WIL),KE
New York US - John F Kennedy (JFK),US
New York US - LaGuardia (LGA),US
Newark US (EWR),US
Newcastle Australia (NTL),AU
Newcastle UK (NCL),UK
Nice France (NCE),FR
Odessa Ukraine (ODS),UA
Orlando US - All Airports (ORL),US
Orlando US (MCO),US
Osaka Japan - All Airports (OSA),JP
Osaka Japan (ITM),JP
Osaka Japan (KIX),JP
Oslo Norway (OSL),NO
Oslo Norway (TRF),NO
Ottawa Canada (YOW),CA
Paris France - All Airports (PAR),FR
Paris France - Beauvais-Tille Airport (BVA),FR
Paris France - Charles De Gaulle Airport (CDG),FR
Paris France - Orly Airport (ORY),FR
Paro Bhutan (PBH),BT
Perth Australia (PER),AU
Philadelphia US (PHL),US
Philadelphia US (TTN),US
Phnom Penh Cambodia (PNH),KH
Phoenix US (PHX),US
Phuket Thailand (HKT),TH
Pittsburgh US (PIT),US
Portland US (PDX),US
Portland US (PWM),US
Prague Czech Republic (PRG),CZ
Rio de Janeiro Brazil - All Airports (RIO),BR
Rio de Janeiro Brazil (GIG),BR
Rio de Janeiro Brazil (SDU),BR
Riyadh Saudi Arabia (RUH),SA
Rome Italy - All Airports (ROM),IT
Rome Italy (CIA),IT
Rome Italy (FCO),IT
San Diego US (SAN),US
San Francisco US (SFO),US
San Jose Costa Rica (SJO),CR
San Jose Philippines (SJI),PH
San Jose US (SJC),US
Sao Paulo Brazil - All Airports (SAO),BR
Sao Paulo Brazil (CGH),BR
Sao Paulo Brazil (GRU),BR
Sao Paulo Brazil (VCP),BR
Seattle US (LKE),US
Seoul South Korea - All Airports (SEL),KR
Seoul South Korea - Gimpo Airport (GMP),KR
Seoul South Korea - Incheon Airport (ICN),KR
Sharjah UAE (SHJ),CN
Shanghai China - Hongqiao Airport (SHA),CN
Shanghai China - Pu Dong Airport (PVG),CN
Shenzhen China (SZX),CN
Singapore Singapore (SIN),SG
Stockholm Sweden - All Airports (STO),SE
Stockholm Sweden (ARN),SE
Stockholm Sweden (BMA),SE
Stockholm Sweden (NYO),SE
Stockholm Sweden (VST),SE
Stuttgart Germany (STR),DE
Surat Thani Thailand (URT),TH
Sydney Australia (SYD),AU
Sydney Canada (YQY),CA
Taipei Taiwan (TPE),TW
Taipei Taiwan (TSA),TW
Tampa US (TPA),US
Tashkent Uzbekistan (TAS),UZ
Tokyo Japan - All Airports (TYO),JP
Tokyo Japan - Haneda (HND),JP
Toronto Canada - All Airports (YTO),CA
Toronto Canada (YTZ),CA
Toronto Canada (YYZ),CA
Vancouver Canada (CXH),CA
Vancouver Canada (YVR),CA
Venice Italy (TSF),IT
Venice Italy (VCE),IT
Vienna Austria (VIE),AT
Warsaw Poland (WAW),PL
Washington US - All Airports (WAS),US
Washington US (DCA),US
Washington US (IAD),US
Wellington New Zealand (WLG),NZ
Winnipeg Canada (YWG),CA
Zurich Switzerland (ZRH),CH
